Date and Time,Water Temperature (F),Est. Flow Rate[m^3/s]
9/28/17 12:00 AM,66.56,0.001469434
9/28/17 12:03 AM,66.56,0.001470506
9/28/17 12:06 AM,66.542,0.006521721
9/28/17 12:09 AM,66.56,0.004293069
9/28/17 12:12 AM,66.542,0.002251801
9/28/17 12:15 AM,66.56,0.009033927
9/28/17 12:18 AM,66.542,0.005066893
9/28/17 12:21 AM,66.578,-0.001822656
9/28/17 12:24 AM,66.542,-0.007261363
9/28/17 12:27 AM,66.524,-0.0116827
9/28/17 12:30 AM,66.506,-0.007379687
9/28/17 12:33 AM,66.452,-0.00450979
9/28/17 12:36 AM,66.47,-0.00603134
9/28/17 12:39 AM,66.452,0.000343191
9/28/17 12:42 AM,66.398,0.005319782
9/28/17 12:45 AM,66.434,0.008852421
9/28/17 12:48 AM,66.362,0.002877673
9/28/17 12:51 AM,66.344,-0.001346577
9/28/17 12:54 AM,66.308,-0.002094562
9/28/17 12:57 AM,66.29,-0.006544549
9/28/17 1:00 AM,66.29,-0.008053666
9/28/17 1:03 AM,66.272,-0.001560269
9/28/17 1:06 AM,66.272,-0.00665605
9/28/17 1:09 AM,66.236,-0.012437982
9/28/17 1:12 AM,66.236,-0.013682087
9/28/17 1:15 AM,66.254,-0.012431929
9/28/17 1:18 AM,66.236,-0.011962655
9/28/17 1:21 AM,66.236,-0.017393404
9/28/17 1:24 AM,66.218,-0.02097468
9/28/17 1:27 AM,66.2,-0.018906565
9/28/17 1:30 AM,66.182,-0.021083956
9/28/17 1:33 AM,66.164,-0.017355003
9/28/17 1:36 AM,66.164,-0.014829064
9/28/17 1:39 AM,66.164,-0.01394675
9/28/17 1:42 AM,66.146,-0.00829225
9/28/17 1:45 AM,66.146,-0.001683897
9/28/17 1:48 AM,66.128,-0.006068487
9/28/17 1:51 AM,66.128,-0.007145986
9/28/17 1:54 AM,66.11,-0.00557951
9/28/17 1:57 AM,66.128,-0.012294818
9/28/17 2:00 AM,66.11,-0.008122517
9/28/17 2:03 AM,66.092,-0.006490261
9/28/17 2:06 AM,66.128,-0.007104041
9/28/17 2:09 AM,66.092,-0.00454628
9/28/17 2:12 AM,66.092,-0.013232269
9/28/17 2:15 AM,66.092,-0.013944469
9/28/17 2:18 AM,66.074,-0.014060274
9/28/17 2:21 AM,66.074,-0.014842211
9/28/17 2:24 AM,66.056,-0.01240497
9/28/17 2:27 AM,66.074,-0.011558607
9/28/17 2:30 AM,66.074,-0.002125191
9/28/17 2:33 AM,66.056,-0.000986835
9/28/17 2:36 AM,66.038,0.000462197
9/28/17 2:39 AM,66.056,-0.000615724
9/28/17 2:42 AM,66.038,-0.005518625
9/28/17 2:45 AM,66.038,-0.008908987
9/28/17 2:48 AM,66.056,-0.015487742
9/28/17 2:51 AM,66.056,-0.011236482
9/28/17 2:54 AM,66.092,-0.012640933
9/28/17 2:57 AM,66.056,-0.015807768
9/28/17 3:00 AM,66.056,-0.015218311
9/28/17 3:03 AM,66.056,-0.014091236
9/28/17 3:06 AM,66.056,-0.015092484
9/28/17 3:09 AM,66.02,-0.017349097
9/28/17 3:12 AM,66.002,-0.01592798
9/28/17 3:15 AM,66.002,-0.014236874
9/28/17 3:18 AM,65.984,-0.012570079
9/28/17 3:21 AM,66.002,-0.010927015
9/28/17 3:24 AM,65.966,-0.009540397
9/28/17 3:27 AM,65.966,-0.001434014
9/28/17 3:30 AM,65.912,-0.001272842
9/28/17 3:33 AM,65.894,-0.003225116
9/28/17 3:36 AM,65.912,0.002195741
9/28/17 3:39 AM,65.912,0.003115028
9/28/17 3:42 AM,65.912,-0.003567162
9/28/17 3:45 AM,65.894,-0.004614486
9/28/17 3:48 AM,65.894,-0.00580477
9/28/17 3:51 AM,65.894,0.002455284
9/28/17 3:54 AM,65.894,-0.000886808
9/28/17 3:57 AM,65.876,-0.0028564
9/28/17 4:00 AM,65.876,0.003537199
9/28/17 4:03 AM,65.894,0.008759138
9/28/17 4:06 AM,65.858,0.006865261
9/28/17 4:09 AM,65.858,-6.99788E-05
9/28/17 4:12 AM,65.84,-0.003684211
9/28/17 4:15 AM,65.858,-0.005897709
9/28/17 4:18 AM,65.858,-0.009209308
9/28/17 4:21 AM,65.84,-0.009572049
9/28/17 4:24 AM,65.822,-0.004527244
9/28/17 4:27 AM,65.822,-0.003607684
9/28/17 4:30 AM,65.822,-0.000595596
9/28/17 4:33 AM,65.822,-0.006597768
9/28/17 4:36 AM,65.786,-0.005869434
9/28/17 4:39 AM,65.786,-0.00977377
9/28/17 4:42 AM,65.768,-0.014019281
9/28/17 4:45 AM,65.768,-0.020651129
9/28/17 4:48 AM,65.768,-0.018622358
9/28/17 4:51 AM,65.768,-0.018392937
9/28/17 4:54 AM,65.75,-0.027325229
9/28/17 4:57 AM,65.768,-0.028461003
9/28/17 5:00 AM,65.822,-0.02079566
9/28/17 5:03 AM,65.822,-0.009350806
9/28/17 5:06 AM,65.858,0.002031082
9/28/17 5:09 AM,65.876,0.003151642
9/28/17 5:12 AM,65.876,0.005155168
9/28/17 5:15 AM,65.894,-0.000529722
9/28/17 5:18 AM,65.876,-0.01153758
9/28/17 5:21 AM,65.912,-0.010038678
9/28/17 5:24 AM,65.912,-0.004974801
9/28/17 5:27 AM,65.894,-0.013248294
9/28/17 5:30 AM,65.876,-0.019676121
9/28/17 5:33 AM,65.912,-0.027258256
9/28/17 5:36 AM,65.858,-0.022304222
9/28/17 5:39 AM,65.84,-0.020255145
9/28/17 5:42 AM,65.84,-0.022313923
9/28/17 5:45 AM,65.822,-0.008422939
9/28/17 5:48 AM,65.822,-0.010493063
9/28/17 5:51 AM,65.804,-0.010211466
9/28/17 5:54 AM,65.84,-0.002909371
9/28/17 5:57 AM,65.822,0.005555963
9/28/17 6:00 AM,65.858,0.008600429
9/28/17 6:03 AM,65.84,0.003691499
9/28/17 6:06 AM,65.804,0.002608166
9/28/17 6:09 AM,65.786,0.005472217
9/28/17 6:12 AM,65.768,0.004325769
9/28/17 6:15 AM,65.768,0.003456361
9/28/17 6:18 AM,65.786,0.005251184
9/28/17 6:21 AM,65.732,-0.002827273
9/28/17 6:24 AM,65.714,-0.006587288
9/28/17 6:27 AM,65.696,-0.009395458
9/28/17 6:30 AM,65.66,-0.004185205
9/28/17 6:33 AM,65.642,-0.006718278
9/28/17 6:36 AM,65.642,-0.009415405
9/28/17 6:39 AM,65.624,-0.009396032
9/28/17 6:42 AM,65.588,-0.008156382
9/28/17 6:45 AM,65.57,-0.00511754
9/28/17 6:48 AM,65.552,-0.010402705
9/28/17 6:51 AM,65.552,-0.012287705
9/28/17 6:54 AM,65.516,-0.012517444
9/28/17 6:57 AM,65.57,-0.014740353
9/28/17 7:00 AM,65.588,-0.010168578
9/28/17 7:03 AM,65.57,-0.00910884
9/28/17 7:06 AM,65.606,-0.011177057
9/28/17 7:09 AM,65.57,-0.00656457
9/28/17 7:12 AM,65.48,-0.000153368
9/28/17 7:15 AM,65.462,0.003843694
9/28/17 7:18 AM,65.48,0.007639026
9/28/17 7:21 AM,65.444,0.00576405
9/28/17 7:24 AM,65.462,0.008959062
9/28/17 7:27 AM,65.408,0.003502437
9/28/17 7:30 AM,65.426,0.001474558
9/28/17 7:33 AM,65.444,-0.002802732
9/28/17 7:36 AM,65.408,-0.008405837
9/28/17 7:39 AM,65.372,-0.01254867
9/28/17 7:42 AM,65.408,-0.014161502
9/28/17 7:45 AM,65.408,-0.015524916
9/28/17 7:48 AM,65.354,-0.019652642
9/28/17 7:51 AM,65.39,-0.014913407
9/28/17 7:54 AM,65.372,-0.010527294
9/28/17 7:57 AM,65.408,-0.011819197
9/28/17 8:00 AM,65.48,-0.010604479
9/28/17 8:03 AM,65.39,-0.008846887
9/28/17 8:06 AM,65.444,-0.008286114
9/28/17 8:09 AM,65.426,-0.008116852
9/28/17 8:12 AM,65.408,-0.011455652
9/28/17 8:15 AM,65.408,-0.011631862
9/28/17 8:18 AM,65.462,-0.01452026
9/28/17 8:21 AM,65.462,-0.015394441
9/28/17 8:24 AM,65.426,-0.016022988
9/28/17 8:27 AM,65.48,-0.014984275
9/28/17 8:30 AM,65.444,-0.016877131
9/28/17 8:33 AM,65.498,-0.009646229
9/28/17 8:36 AM,65.462,-0.011250649
9/28/17 8:39 AM,65.552,-0.015147579
9/28/17 8:42 AM,65.498,-0.018421017
9/28/17 8:45 AM,65.624,-0.015424294
9/28/17 8:48 AM,65.624,-0.006954228
9/28/17 8:51 AM,65.642,-0.004073212
9/28/17 8:54 AM,65.66,-0.005659441
9/28/17 8:57 AM,65.588,-0.004504957
9/28/17 9:00 AM,65.678,-0.006512001
9/28/17 9:03 AM,65.786,-0.004188291
9/28/17 9:06 AM,65.678,-0.001076462
9/28/17 9:09 AM,65.714,-0.001108838
9/28/17 9:12 AM,65.876,-0.003434232
9/28/17 9:15 AM,65.822,0.00137922
9/28/17 9:18 AM,65.912,0.000988169
9/28/17 9:21 AM,65.858,-0.002283653
9/28/17 9:24 AM,65.912,0.000139337
9/28/17 9:27 AM,65.876,0.000828161
9/28/17 9:30 AM,65.804,-0.002295636
9/28/17 9:33 AM,66.002,-0.001507638
9/28/17 9:36 AM,65.966,-0.013980897
9/28/17 9:39 AM,66.056,-0.019751752
9/28/17 9:42 AM,65.822,-0.01249494
9/28/17 9:45 AM,65.876,-0.014606002
9/28/17 9:48 AM,66.11,-0.016034758
9/28/17 9:51 AM,66.056,-0.018199611
9/28/17 9:54 AM,66.074,-0.015840745
9/28/17 9:57 AM,65.912,-0.013655066
9/28/17 10:00 AM,66.02,-0.008957679
9/28/17 10:03 AM,66.002,-0.009885234
9/28/17 10:06 AM,66.092,-0.007143284
9/28/17 10:09 AM,66.056,-0.004645923
9/28/17 10:12 AM,66.02,-0.000908
9/28/17 10:15 AM,66.164,-0.004527667
9/28/17 10:18 AM,66.164,-0.000932716
9/28/17 10:21 AM,65.984,-0.001949042
9/28/17 10:24 AM,66.074,-0.004203658
9/28/17 10:27 AM,66.074,-0.002833849
9/28/17 10:30 AM,66.056,-0.003835613
9/28/17 10:33 AM,66.038,-0.000767127
9/28/17 10:36 AM,66.128,0.001577817
9/28/17 10:39 AM,66.074,-0.000741179
9/28/17 10:42 AM,65.984,-0.001795542
9/28/17 10:45 AM,66.056,-0.005311811
9/28/17 10:48 AM,66.092,-0.003722086
9/28/17 10:51 AM,66.128,0.001699808
9/28/17 10:54 AM,66.2,0.00204878
9/28/17 10:57 AM,66.128,0.000315028
9/28/17 11:00 AM,66.29,0.000967682
9/28/17 11:03 AM,66.272,-0.001688296
9/28/17 11:06 AM,66.254,-0.000179393
9/28/17 11:09 AM,66.344,-0.004787969
9/28/17 11:12 AM,66.29,-0.004048206
9/28/17 11:15 AM,66.344,-0.001547265
9/28/17 11:18 AM,66.38,-0.000592088
9/28/17 11:21 AM,66.38,-0.009280569
9/28/17 11:24 AM,66.362,-0.011770523
9/28/17 11:27 AM,66.398,-0.015584592
9/28/17 11:30 AM,66.434,-0.019986388
9/28/17 11:33 AM,66.506,-0.01594536
9/28/17 11:36 AM,66.434,-0.009929431
9/28/17 11:39 AM,66.542,-0.011973909
9/28/17 11:42 AM,66.578,-0.00498508
9/28/17 11:45 AM,66.596,-0.005427155
9/28/17 11:48 AM,66.848,-0.00090329
9/28/17 11:51 AM,66.812,0.004103849
9/28/17 11:54 AM,66.632,-0.000942299
9/28/17 11:57 AM,66.704,-0.005034745
9/28/17 12:00 PM,66.668,-0.013189069
9/28/17 12:03 PM,66.704,-0.013693208
9/28/17 12:06 PM,66.686,-0.017661335
9/28/17 12:09 PM,66.776,-0.015141395
9/28/17 12:12 PM,66.722,-0.01659007
9/28/17 12:15 PM,66.704,-0.022184664
9/28/17 12:18 PM,66.794,-0.022008952
9/28/17 12:21 PM,66.83,-0.013079237
9/28/17 12:24 PM,66.758,-0.01148183
9/28/17 12:27 PM,66.794,-0.005095541
9/28/17 12:30 PM,66.884,-0.011465808
9/28/17 12:33 PM,66.902,-0.009484233
9/28/17 12:36 PM,67.01,-0.005020223
9/28/17 12:39 PM,67.082,-0.001324156
9/28/17 12:42 PM,66.812,0.001500635
9/28/17 12:45 PM,66.956,-0.000651991
9/28/17 12:48 PM,66.92,0.003567049
9/28/17 12:51 PM,66.974,-0.002248404
9/28/17 12:54 PM,67.154,0.005889153
9/28/17 12:57 PM,67.01,0.00569739
9/28/17 1:00 PM,66.92,-0.001514065
9/28/17 1:03 PM,66.956,-0.004839926
9/28/17 1:06 PM,66.992,0.004430236
9/28/17 1:09 PM,67.118,0.003554887
9/28/17 1:12 PM,67.028,0.001340382
9/28/17 1:15 PM,66.884,-0.004470237
9/28/17 1:18 PM,67.046,-0.004985676
9/28/17 1:21 PM,66.992,-0.006793009
9/28/17 1:24 PM,66.974,-0.008621771
9/28/17 1:27 PM,66.902,-0.006824241
9/28/17 1:30 PM,67.208,-0.010460597
9/28/17 1:33 PM,67.172,-0.012526835
9/28/17 1:36 PM,67.046,-0.010845259
9/28/17 1:39 PM,67.082,-0.003485369
9/28/17 1:42 PM,67.136,-0.010608062
9/28/17 1:45 PM,67.154,-0.013255231
9/28/17 1:48 PM,67.172,-0.015329623
9/28/17 1:51 PM,67.082,-0.015896
9/28/17 1:54 PM,67.244,-0.014520085
9/28/17 1:57 PM,67.172,-0.02769948
9/28/17 2:00 PM,67.244,-0.028540053
9/28/17 2:03 PM,67.46,-0.019528627
9/28/17 2:06 PM,67.352,-0.014601078
9/28/17 2:09 PM,67.28,-0.016548697
9/28/17 2:12 PM,67.424,-0.015788676
9/28/17 2:15 PM,67.46,-0.016089443
9/28/17 2:18 PM,67.406,-0.020387608
9/28/17 2:21 PM,67.46,-0.017257492
9/28/17 2:24 PM,67.586,-0.010466186
9/28/17 2:27 PM,67.622,-0.012533201
9/28/17 2:30 PM,67.766,-0.013620279
9/28/17 2:33 PM,67.946,-0.012702414
9/28/17 2:36 PM,67.874,-0.008269964
9/28/17 2:39 PM,67.982,-0.006101867
9/28/17 2:42 PM,67.874,-0.00467222
9/28/17 2:45 PM,67.982,-0.003712247
9/28/17 2:48 PM,68,-0.008810509
9/28/17 2:51 PM,67.946,-0.009215119
9/28/17 2:54 PM,68,-0.005230906
9/28/17 2:57 PM,68.09,-0.008786207
9/28/17 3:00 PM,68.144,-0.012218341
9/28/17 3:03 PM,68.234,-0.017728833
9/28/17 3:06 PM,68.288,-0.022708393
9/28/17 3:09 PM,68.09,-0.018948124
9/28/17 3:12 PM,68.18,-0.020477126
9/28/17 3:15 PM,68.324,-0.022588814
9/28/17 3:18 PM,68.468,-0.026161335
9/28/17 3:21 PM,68.288,-0.014851784
9/28/17 3:24 PM,68.198,-0.014777685
9/28/17 3:27 PM,68.198,-0.010013273
9/28/17 3:30 PM,68.18,-0.014984687
9/28/17 3:33 PM,68.396,-0.015671013
9/28/17 3:36 PM,68.306,-0.020658385
9/28/17 3:39 PM,68.324,-0.019119867
9/28/17 3:42 PM,68.378,-0.019965465
9/28/17 3:45 PM,68.432,-0.018748382
9/28/17 3:48 PM,68.342,-0.022406812
9/28/17 3:51 PM,68.468,-0.024827676
9/28/17 3:54 PM,68.486,-0.023264421
9/28/17 3:57 PM,68.324,-0.024320773
9/28/17 4:00 PM,68.504,-0.026502603
9/28/17 4:03 PM,68.432,-0.023955083
9/28/17 4:06 PM,68.522,-0.02228579
9/28/17 4:09 PM,68.522,-0.020206549
9/28/17 4:12 PM,68.522,-0.020401289
9/28/17 4:15 PM,68.27,-0.032227751
9/28/17 4:18 PM,68.108,-0.027988416
9/28/17 4:21 PM,68.252,-0.029766699
9/28/17 4:24 PM,68.27,-0.029435139
9/28/17 4:27 PM,68.306,-0.023032695
9/28/17 4:30 PM,68.18,-0.025723003
9/28/17 4:33 PM,68.27,-0.023092218
9/28/17 4:36 PM,68,-0.023563135
9/28/17 4:39 PM,68.036,-0.031383333
9/28/17 4:42 PM,68.162,-0.035736254
9/28/17 4:45 PM,68,-0.029754121
9/28/17 4:48 PM,68.054,-0.021939752
9/28/17 4:51 PM,68.162,-0.0237575
9/28/17 4:54 PM,68.36,-0.026267149
9/28/17 4:57 PM,68.342,-0.027543479
9/28/17 5:00 PM,68.072,-0.021338614
9/28/17 5:03 PM,68.126,-0.016099839
9/28/17 5:06 PM,67.928,-0.016079479
9/28/17 5:09 PM,67.766,-0.019859596
9/28/17 5:12 PM,67.856,-0.025620961
9/28/17 5:15 PM,67.892,-0.021467248
9/28/17 5:18 PM,68,-0.014212838
9/28/17 5:21 PM,68.036,-0.012034581
9/28/17 5:24 PM,67.982,-0.014818958
9/28/17 5:27 PM,68.036,-0.011240441
9/28/17 5:30 PM,68.054,-0.006469266
9/28/17 5:33 PM,67.946,-0.010028444
9/28/17 5:36 PM,68.018,-0.008891173
9/28/17 5:39 PM,67.856,-0.014782006
9/28/17 5:42 PM,67.928,-0.012040418
9/28/17 5:45 PM,68.054,-0.010121412
9/28/17 5:48 PM,67.856,-0.008158176
9/28/17 5:51 PM,67.91,-0.013138398
9/28/17 5:54 PM,67.964,-0.01202982
9/28/17 5:57 PM,68,-0.012413921
9/28/17 6:00 PM,67.82,-0.014296188
9/28/17 6:03 PM,67.982,-0.018283569
9/28/17 6:06 PM,67.928,-0.010968397
9/28/17 6:09 PM,67.964,-0.009168841
9/28/17 6:12 PM,67.694,-0.012668214
9/28/17 6:15 PM,67.928,-0.010992984
9/28/17 6:18 PM,67.604,-0.017100273
9/28/17 6:21 PM,67.73,-0.02416064
9/28/17 6:24 PM,67.784,-0.023897134
9/28/17 6:27 PM,67.658,-0.017484128
9/28/17 6:30 PM,67.586,-0.012803387
9/28/17 6:33 PM,67.658,-0.009878118
9/28/17 6:36 PM,67.622,-0.011006739
9/28/17 6:39 PM,67.694,-0.015892148
9/28/17 6:42 PM,67.586,-0.020586121
9/28/17 6:45 PM,67.496,-0.020078328
9/28/17 6:48 PM,67.748,-0.021174854
9/28/17 6:51 PM,67.748,-0.020328246
9/28/17 6:54 PM,67.676,-0.02153121
9/28/17 6:57 PM,67.604,-0.017447068
9/28/17 7:00 PM,67.586,-0.018970551
9/28/17 7:03 PM,67.604,-0.017453317
9/28/17 7:06 PM,67.55,-0.013474577
9/28/17 7:09 PM,67.514,-0.010749704
9/28/17 7:12 PM,67.496,-0.013055878
9/28/17 7:15 PM,67.406,-0.019917838
9/28/17 7:18 PM,67.352,-0.017999247
9/28/17 7:21 PM,67.46,-0.01222646
9/28/17 7:24 PM,67.388,-0.011042665
9/28/17 7:27 PM,67.388,-0.014726559
9/28/17 7:30 PM,67.352,-0.020179738
9/28/17 7:33 PM,67.478,-0.019989198
9/28/17 7:36 PM,67.298,-0.016349829
9/28/17 7:39 PM,67.226,-0.01038261
9/28/17 7:42 PM,67.352,-0.013134104
9/28/17 7:45 PM,67.352,-0.013744813
9/28/17 7:48 PM,67.208,-0.015727855
9/28/17 7:51 PM,67.28,-0.016897005
9/28/17 7:54 PM,67.172,-0.014393085
9/28/17 7:57 PM,67.154,-0.016285426
9/28/17 8:00 PM,67.19,-0.017671956
9/28/17 8:03 PM,67.208,-0.021602757
9/28/17 8:06 PM,67.172,-0.02003883
9/28/17 8:09 PM,67.172,-0.02158121
9/28/17 8:12 PM,67.19,-0.019673662
9/28/17 8:15 PM,67.172,-0.030138804
9/28/17 8:18 PM,67.172,-0.029519354
9/28/17 8:21 PM,67.208,-0.022982972
9/28/17 8:24 PM,67.136,-0.022147167
9/28/17 8:27 PM,67.046,-0.015415714
9/28/17 8:30 PM,67.136,-0.025122465
9/28/17 8:33 PM,67.118,-0.023651211
9/28/17 8:36 PM,67.046,-0.020465869
9/28/17 8:39 PM,66.902,-0.015477393
9/28/17 8:42 PM,66.902,-0.004978218
9/28/17 8:45 PM,66.866,-0.00638892
9/28/17 8:48 PM,66.884,-0.00662471
9/28/17 8:51 PM,66.92,-0.006911006
9/28/17 8:54 PM,66.776,-0.016069894
9/28/17 8:57 PM,66.794,-0.013742534
9/28/17 9:00 PM,66.722,-0.015231605
9/28/17 9:03 PM,66.704,-0.014756181
9/28/17 9:06 PM,66.686,-0.021061484
9/28/17 9:09 PM,66.65,-0.021491358
9/28/17 9:12 PM,66.668,-0.024518945
9/28/17 9:15 PM,66.542,-0.026097088
9/28/17 9:18 PM,66.614,-0.024157548
9/28/17 9:21 PM,66.524,-0.021010873
9/28/17 9:24 PM,66.47,-0.025332888
9/28/17 9:27 PM,66.506,-0.021978478
9/28/17 9:30 PM,66.506,-0.020890158
9/28/17 9:33 PM,66.434,-0.028709687
9/28/17 9:36 PM,66.362,-0.032507963
9/28/17 9:39 PM,66.362,-0.035333007
9/28/17 9:42 PM,66.308,-0.03261575
9/28/17 9:45 PM,66.29,-0.03038829
9/28/17 9:48 PM,66.29,-0.02955928
9/28/17 9:51 PM,66.182,-0.028429024
9/28/17 9:54 PM,66.128,-0.026196963
9/28/17 9:57 PM,66.164,-0.026446633
9/28/17 10:00 PM,66.11,-0.03435738
9/28/17 10:03 PM,66.092,-0.030297842
9/28/17 10:06 PM,66.056,-0.030540435
9/28/17 10:09 PM,66.038,-0.031382213
9/28/17 10:12 PM,66.02,-0.025479639
9/28/17 10:15 PM,66.02,-0.024891052
9/28/17 10:18 PM,65.984,-0.022287346
9/28/17 10:21 PM,65.948,-0.022408082
9/28/17 10:24 PM,65.948,-0.022148647
9/28/17 10:27 PM,65.93,-0.024858879
9/28/17 10:30 PM,65.912,-0.025157906
9/28/17 10:33 PM,65.894,-0.024800539
9/28/17 10:36 PM,65.912,-0.016367694
9/28/17 10:39 PM,65.894,-0.017279135
9/28/17 10:42 PM,65.912,-0.015014247
9/28/17 10:45 PM,65.894,-0.011591853
9/28/17 10:48 PM,65.912,-0.006042928
9/28/17 10:51 PM,65.894,-0.006317143
9/28/17 10:54 PM,65.858,-0.008381614
9/28/17 10:57 PM,65.84,-0.011444042
9/28/17 11:00 PM,65.822,-0.013089163
9/28/17 11:03 PM,65.804,-0.006231219
9/28/17 11:06 PM,65.786,0.001056151
9/28/17 11:09 PM,65.786,0.000674278
9/28/17 11:12 PM,65.75,0.004034187
9/28/17 11:15 PM,65.732,0.006232362
9/28/17 11:18 PM,65.732,0.006486562
9/28/17 11:21 PM,65.714,0.007362677
9/28/17 11:24 PM,65.678,0.010075792
9/28/17 11:27 PM,65.66,0.012818129
9/28/17 11:30 PM,65.66,0.006174841
9/28/17 11:33 PM,65.66,0.003017115
9/28/17 11:36 PM,65.642,0.004369122
9/28/17 11:39 PM,65.624,0.001276693
9/28/17 11:42 PM,65.606,-0.004427367
9/28/17 11:45 PM,65.606,0.001559118
9/28/17 11:48 PM,65.57,0.001367143
9/28/17 11:51 PM,65.498,0.003109488
9/28/17 11:54 PM,65.516,0.002944176
9/28/17 11:57 PM,65.48,0.005240599
9/29/17 12:00 AM,65.48,0.002543428
9/29/17 12:03 AM,65.444,-0.005153603
9/29/17 12:06 AM,65.444,-0.010072919
9/29/17 12:09 AM,65.444,-0.016015216
9/29/17 12:12 AM,65.408,-0.009694006
9/29/17 12:15 AM,65.426,-0.01347302
9/29/17 12:18 AM,65.408,-0.011554476
9/29/17 12:21 AM,65.408,-0.002454894
9/29/17 12:24 AM,65.39,-0.006089695
9/29/17 12:27 AM,65.372,-0.00041081
9/29/17 12:30 AM,65.372,0.001038895
9/29/17 12:33 AM,65.318,0.001097928
9/29/17 12:36 AM,65.3,0.003842548
9/29/17 12:39 AM,65.282,-6.72783E-05
9/29/17 12:42 AM,65.246,-0.006121676
9/29/17 12:45 AM,65.174,-0.006441064
9/29/17 12:48 AM,65.12,-0.007304728
9/29/17 12:51 AM,65.066,-0.008947861
9/29/17 12:54 AM,65.03,-0.011843071
9/29/17 12:57 AM,64.976,-0.004238319
9/29/17 1:00 AM,64.958,-0.009368006
9/29/17 1:03 AM,64.904,-0.014678296
9/29/17 1:06 AM,64.886,-0.012389874
9/29/17 1:09 AM,64.85,-0.016918958
9/29/17 1:12 AM,64.832,-0.021654689
9/29/17 1:15 AM,64.796,-0.023318012
9/29/17 1:18 AM,64.778,-0.022562865
9/29/17 1:21 AM,64.76,-0.017390764
9/29/17 1:24 AM,64.742,-0.018036427
9/29/17 1:27 AM,64.742,-0.016336548
9/29/17 1:30 AM,64.706,-0.01373082
9/29/17 1:33 AM,64.688,-0.006567702
9/29/17 1:36 AM,64.688,-0.003480357
9/29/17 1:39 AM,64.67,-0.006232803
9/29/17 1:42 AM,64.634,-0.003594869
9/29/17 1:45 AM,64.616,0.003839231
9/29/17 1:48 AM,64.616,0.007292754
9/29/17 1:51 AM,64.598,0.005366679
9/29/17 1:54 AM,64.58,0.007328809
9/29/17 1:57 AM,64.562,0.0086042
9/29/17 2:00 AM,64.544,0.007270661
9/29/17 2:03 AM,64.526,0.00284803
9/29/17 2:06 AM,64.508,-0.005638823
9/29/17 2:09 AM,64.49,-0.008146838
9/29/17 2:12 AM,64.508,-0.009734473
9/29/17 2:15 AM,64.49,-0.010497833
9/29/17 2:18 AM,64.454,-0.007861625
9/29/17 2:21 AM,64.454,-0.003348423
9/29/17 2:24 AM,64.454,-0.002524927
9/29/17 2:27 AM,64.436,-0.004447949
9/29/17 2:30 AM,64.418,-0.006108666
9/29/17 2:33 AM,64.382,-0.010611438
9/29/17 2:36 AM,64.364,-0.002934817
9/29/17 2:39 AM,64.346,-0.002881582
9/29/17 2:42 AM,64.31,-0.000904564
9/29/17 2:45 AM,64.292,-0.002216581
9/29/17 2:48 AM,64.274,-0.004880784
9/29/17 2:51 AM,64.256,-0.003635259
9/29/17 2:54 AM,64.22,-0.007649048
9/29/17 2:57 AM,64.202,-0.004483913
9/29/17 3:00 AM,64.184,-0.008810753
9/29/17 3:03 AM,64.148,-0.010100107
9/29/17 3:06 AM,64.13,-0.002331033
9/29/17 3:09 AM,64.13,-0.002812108
9/29/17 3:12 AM,64.076,0.000987393
9/29/17 3:15 AM,64.112,-0.002389636
9/29/17 3:18 AM,64.094,-0.000438564
9/29/17 3:21 AM,64.076,-0.00238835
9/29/17 3:24 AM,64.04,-0.010560311
9/29/17 3:27 AM,64.022,-0.010356313
9/29/17 3:30 AM,64.004,-0.007963601
9/29/17 3:33 AM,63.986,-0.004630123
9/29/17 3:36 AM,63.95,-0.003397475
9/29/17 3:39 AM,63.932,-0.000491379
9/29/17 3:42 AM,63.932,-0.003799023
9/29/17 3:45 AM,63.914,-0.002829436
9/29/17 3:48 AM,63.896,-0.002324957
9/29/17 3:51 AM,63.878,0.001362493
9/29/17 3:54 AM,63.86,-0.000527315
9/29/17 3:57 AM,63.842,-0.005878088
9/29/17 4:00 AM,63.824,-0.00826152
9/29/17 4:03 AM,63.806,-0.007195765
9/29/17 4:06 AM,63.788,-0.011038967
9/29/17 4:09 AM,63.77,-0.017492686
9/29/17 4:12 AM,63.752,-0.018804811
9/29/17 4:15 AM,63.752,-0.016344772
9/29/17 4:18 AM,63.77,-0.016460646
9/29/17 4:21 AM,63.788,-0.01448195
9/29/17 4:24 AM,63.752,-0.007610657
9/29/17 4:27 AM,63.77,-0.005748072
9/29/17 4:30 AM,63.788,-0.012571374
9/29/17 4:33 AM,63.77,-0.014011894
9/29/17 4:36 AM,63.788,-0.011257782
9/29/17 4:39 AM,63.77,-0.007632339
9/29/17 4:42 AM,63.788,-0.002731323
9/29/17 4:45 AM,63.806,-0.014370186
9/29/17 4:48 AM,63.806,-0.018859116
9/29/17 4:51 AM,63.788,-0.021845054
9/29/17 4:54 AM,63.788,-0.020479446
9/29/17 4:57 AM,63.77,-0.013581473
9/29/17 5:00 AM,63.788,-0.011846345
9/29/17 5:03 AM,63.77,-0.012426144
9/29/17 5:06 AM,63.752,-0.010730778
9/29/17 5:09 AM,63.752,-0.008392838
9/29/17 5:12 AM,63.734,-0.006412672
9/29/17 5:15 AM,63.734,-0.00285923
9/29/17 5:18 AM,63.698,-0.00891865
9/29/17 5:21 AM,63.716,-0.014413962
9/29/17 5:24 AM,63.698,-0.018684573
9/29/17 5:27 AM,63.68,-0.014407156
9/29/17 5:30 AM,63.68,-0.010585207
9/29/17 5:33 AM,63.662,-0.009400022
9/29/17 5:36 AM,63.662,-0.011459923
9/29/17 5:39 AM,63.626,-0.010812509
9/29/17 5:42 AM,63.608,-0.007949151
9/29/17 5:45 AM,63.608,-0.01165567
9/29/17 5:48 AM,63.59,-0.010684522
9/29/17 5:51 AM,63.554,-0.010425083
9/29/17 5:54 AM,63.536,-0.009404043
9/29/17 5:57 AM,63.536,-0.012206576
9/29/17 6:00 AM,63.5,-0.013822844
9/29/17 6:03 AM,63.482,-0.010248725
9/29/17 6:06 AM,63.446,-0.016024376
9/29/17 6:09 AM,63.356,-0.004036903
9/29/17 6:12 AM,63.356,-0.00699781
9/29/17 6:15 AM,63.374,-0.005821278
9/29/17 6:18 AM,63.356,-0.008892884
9/29/17 6:21 AM,63.338,-0.013793986
9/29/17 6:24 AM,63.338,-0.016135919
9/29/17 6:27 AM,63.32,-0.021679694
9/29/17 6:30 AM,63.32,-0.020000812
9/29/17 6:33 AM,63.284,-0.020667472
9/29/17 6:36 AM,63.266,-0.02107903
9/29/17 6:39 AM,63.248,-0.024414163
9/29/17 6:42 AM,63.248,-0.024200143
9/29/17 6:45 AM,63.23,-0.015784301
9/29/17 6:48 AM,63.23,-0.010540353
9/29/17 6:51 AM,63.194,-0.006267187
9/29/17 6:54 AM,63.194,-0.006629289
9/29/17 6:57 AM,63.176,-0.013161579
9/29/17 7:00 AM,63.158,-0.012876039
9/29/17 7:03 AM,63.176,-0.018424326
9/29/17 7:06 AM,63.158,-0.017347051
9/29/17 7:09 AM,63.14,-0.016703805
9/29/17 7:12 AM,63.122,-0.015004957
9/29/17 7:15 AM,63.122,-0.01547916
9/29/17 7:18 AM,63.122,-0.01286964
9/29/17 7:21 AM,63.122,-0.013550182
9/29/17 7:24 AM,63.104,-0.019624076
9/29/17 7:27 AM,63.068,-0.017335888
9/29/17 7:30 AM,63.086,-0.015901014
9/29/17 7:33 AM,63.068,-0.017997355
9/29/17 7:36 AM,63.05,-0.021058718
9/29/17 7:39 AM,63.068,-0.015992786
9/29/17 7:42 AM,63.05,-0.020359526
9/29/17 7:45 AM,63.032,-0.017345307
9/29/17 7:48 AM,63.032,-0.018199662
9/29/17 7:51 AM,63.032,-0.020005356
9/29/17 7:54 AM,63.014,-0.013528569
9/29/17 7:57 AM,63.05,-0.012787967
9/29/17 8:00 AM,63.05,-0.014452734
9/29/17 8:03 AM,63.032,-0.010249409
9/29/17 8:06 AM,63.05,-0.011506053
9/29/17 8:09 AM,63.05,-0.009444634
9/29/17 8:12 AM,63.05,-0.011214714
9/29/17 8:15 AM,63.05,-0.005376867
9/29/17 8:18 AM,63.032,-0.003985806
9/29/17 8:21 AM,63.05,-0.005466401
9/29/17 8:24 AM,63.032,-0.013014987
9/29/17 8:27 AM,63.05,-0.015127208
9/29/17 8:30 AM,63.068,-0.012049663
9/29/17 8:33 AM,63.068,-0.011815642
9/29/17 8:36 AM,63.086,-0.007295243
9/29/17 8:39 AM,63.122,-0.007644328
9/29/17 8:42 AM,62.816,0.00303137
9/29/17 8:45 AM,63.194,-0.000856496
9/29/17 8:48 AM,63.176,-7.31581E-05
9/29/17 8:51 AM,63.158,0.000456925
9/29/17 8:54 AM,63.23,0.004096487
9/29/17 8:57 AM,63.284,0.002934892
9/29/17 9:00 AM,63.212,-1.53354E-05
9/29/17 9:03 AM,63.266,-0.006205798
9/29/17 9:06 AM,63.356,-0.01140776
9/29/17 9:09 AM,63.302,-0.005260383
9/29/17 9:12 AM,63.32,-0.004585402
9/29/17 9:15 AM,63.338,-0.003950852
9/29/17 9:18 AM,63.338,-0.008188135
9/29/17 9:21 AM,63.392,-0.00367544
9/29/17 9:24 AM,63.356,-0.008085616
9/29/17 9:27 AM,63.5,-0.009166063
9/29/17 9:30 AM,63.41,-0.013263824
9/29/17 9:33 AM,63.572,-0.014280283
9/29/17 9:36 AM,63.464,-0.019473708
9/29/17 9:39 AM,63.5,-0.011964088
9/29/17 9:42 AM,63.482,-0.013867573
9/29/17 9:45 AM,63.662,-0.016533483
9/29/17 9:48 AM,63.5,-0.016946659
9/29/17 9:51 AM,63.5,-0.011385353
9/29/17 9:54 AM,63.536,-0.008567427
9/29/17 9:57 AM,63.536,-0.008456874
9/29/17 10:00 AM,63.554,-0.012439756
9/29/17 10:03 AM,63.662,-0.009831186
9/29/17 10:06 AM,63.59,-0.007819887
9/29/17 10:09 AM,63.59,-0.006269327
9/29/17 10:12 AM,63.644,-0.003705346
9/29/17 10:15 AM,63.626,0.003044707
9/29/17 10:18 AM,63.662,-0.002635118
9/29/17 10:21 AM,63.644,-0.006623635
9/29/17 10:24 AM,63.698,-0.006953593
9/29/17 10:27 AM,63.68,-0.0042258
9/29/17 10:30 AM,63.698,-0.003449806
9/29/17 10:33 AM,63.734,-0.003004176
9/29/17 10:36 AM,63.77,-0.001375995
9/29/17 10:39 AM,63.788,-0.00751006
9/29/17 10:42 AM,63.842,-0.006251328
9/29/17 10:45 AM,63.842,-0.00876982
9/29/17 10:48 AM,63.914,-0.009421846
9/29/17 10:51 AM,63.896,-0.011991195
9/29/17 10:54 AM,63.878,-0.011655483
9/29/17 10:57 AM,63.86,-0.00776817
9/29/17 11:00 AM,63.842,-0.006998458
9/29/17 11:03 AM,63.788,-0.010585578
9/29/17 11:06 AM,63.806,-0.017999927
9/29/17 11:09 AM,63.824,-0.02037465
9/29/17 11:12 AM,63.842,-0.022317846
9/29/17 11:15 AM,63.914,-0.022163246
9/29/17 11:18 AM,63.986,-0.021175551
9/29/17 11:21 AM,64.04,-0.014010825
9/29/17 11:24 AM,64.112,-0.009946013
9/29/17 11:27 AM,64.166,-0.006559842
9/29/17 11:30 AM,64.184,-0.007573177
9/29/17 11:33 AM,64.202,-0.007033028
9/29/17 11:36 AM,64.202,-0.009538005
9/29/17 11:39 AM,64.202,-0.00997743
9/29/17 11:42 AM,64.094,-0.005142533
9/29/17 11:45 AM,64.076,-0.007620214
9/29/17 11:48 AM,64.148,-0.013284148
9/29/17 11:51 AM,64.184,-0.01653041
9/29/17 11:54 AM,64.238,-0.006456018
9/29/17 11:57 AM,64.292,-0.004008178
9/29/17 12:00 PM,64.346,-0.00578899
9/29/17 12:03 PM,64.364,-0.007786528
9/29/17 12:06 PM,64.382,-0.003661747
9/29/17 12:09 PM,64.31,-0.004976444
9/29/17 12:12 PM,64.346,-0.008546357
9/29/17 12:15 PM,64.328,-0.012337832
9/29/17 12:18 PM,64.346,-0.00252391
9/29/17 12:21 PM,64.382,-0.004521445
9/29/17 12:24 PM,64.4,-0.005654388
9/29/17 12:27 PM,64.328,-0.004846169
9/29/17 12:30 PM,64.31,0.001659751
9/29/17 12:33 PM,64.292,-0.003000018
9/29/17 12:36 PM,64.31,-0.001008282
9/29/17 12:39 PM,64.31,-0.004441498
9/29/17 12:42 PM,64.31,-0.004513631
9/29/17 12:45 PM,64.256,-0.003868014
9/29/17 12:48 PM,64.274,-0.006065254
9/29/17 12:51 PM,64.328,-0.001669476
9/29/17 12:54 PM,64.292,0.001081412
9/29/17 12:57 PM,64.256,-0.002241025
9/29/17 1:00 PM,64.238,0.002032392
9/29/17 1:03 PM,64.274,0.005801857
9/29/17 1:06 PM,64.256,0.003224226
9/29/17 1:09 PM,64.274,-0.004682178
9/29/17 1:12 PM,64.238,-0.007720622
9/29/17 1:15 PM,64.292,-0.003220324
9/29/17 1:18 PM,64.274,-0.003736048
9/29/17 1:21 PM,64.274,-0.002817769
9/29/17 1:24 PM,64.256,-0.00950822
9/29/17 1:27 PM,64.256,-0.005360161
9/29/17 1:30 PM,64.274,-0.009984509
9/29/17 1:33 PM,64.274,-0.009592763
9/29/17 1:36 PM,64.274,-0.015262372
9/29/17 1:39 PM,64.256,-0.014201657
9/29/17 1:42 PM,64.274,-0.008885173
9/29/17 1:45 PM,64.346,0.000707257
9/29/17 1:48 PM,64.328,0.004739786
9/29/17 1:51 PM,64.346,0.001738522
9/29/17 1:54 PM,64.4,0.002702488
9/29/17 1:57 PM,64.4,0.006275663
9/29/17 2:00 PM,64.436,0.00780684
9/29/17 2:03 PM,64.508,0.011392065
9/29/17 2:06 PM,64.544,0.006151502
9/29/17 2:09 PM,64.544,0.004204036
9/29/17 2:12 PM,64.616,0.00203567
9/29/17 2:15 PM,64.67,0.006080349
9/29/17 2:18 PM,64.742,0.00322068
9/29/17 2:21 PM,64.868,0.002547466
9/29/17 2:24 PM,64.868,0.003000478
9/29/17 2:27 PM,64.94,0.002838948
9/29/17 2:30 PM,64.958,-0.000516329
9/29/17 2:33 PM,65.102,-0.002992314
9/29/17 2:36 PM,65.138,-0.000107043
9/29/17 2:39 PM,65.102,-0.002300686
9/29/17 2:42 PM,65.21,-0.000509886
9/29/17 2:45 PM,65.264,-0.002365127
9/29/17 2:48 PM,65.246,5.36636E-05
9/29/17 2:51 PM,65.3,-0.003453355
9/29/17 2:54 PM,65.354,-0.004211494
9/29/17 2:57 PM,65.354,3.69861E-05
9/29/17 3:00 PM,65.336,-0.004557704
9/29/17 3:03 PM,65.372,-0.008191274
9/29/17 3:06 PM,65.444,-0.010708385
9/29/17 3:09 PM,65.39,-0.013318073
9/29/17 3:12 PM,65.48,-0.00801469
9/29/17 3:15 PM,65.444,-0.006822261
9/29/17 3:18 PM,65.498,-0.0138877
9/29/17 3:21 PM,65.516,-0.017834452
9/29/17 3:24 PM,65.552,-0.016557803
9/29/17 3:27 PM,65.588,-0.019822262
9/29/17 3:30 PM,65.462,-0.022406551
9/29/17 3:33 PM,65.588,-0.015800687
9/29/17 3:36 PM,65.624,-0.022065278
9/29/17 3:39 PM,65.624,-0.023279214
9/29/17 3:42 PM,65.66,-0.017816695
9/29/17 3:45 PM,65.624,-0.021237409
9/29/17 3:48 PM,65.606,-0.022668595
9/29/17 3:51 PM,65.66,-0.025979471
9/29/17 3:54 PM,65.66,-0.028266277
9/29/17 3:57 PM,65.624,-0.029823331
9/29/17 4:00 PM,65.624,-0.027388022
9/29/17 4:03 PM,65.57,-0.024450121
9/29/17 4:06 PM,65.588,-0.019929897
9/29/17 4:09 PM,65.588,-0.010848351
9/29/17 4:12 PM,65.462,-0.001982244
9/29/17 4:15 PM,65.57,0.00054956
9/29/17 4:18 PM,65.408,-0.000298083
9/29/17 4:21 PM,65.354,-0.007636305
9/29/17 4:24 PM,65.336,-0.013499487
9/29/17 4:27 PM,65.354,-0.009186248
9/29/17 4:30 PM,65.246,-0.010006588
9/29/17 4:33 PM,65.246,-0.011131502
9/29/17 4:36 PM,65.228,-0.010334725
9/29/17 4:39 PM,65.21,-0.016635146
9/29/17 4:42 PM,65.21,-0.021499285
9/29/17 4:45 PM,65.246,-0.014060334
9/29/17 4:48 PM,65.228,-0.012185647
9/29/17 4:51 PM,65.12,0.001947779
9/29/17 4:54 PM,65.156,-0.002267238
9/29/17 4:57 PM,65.084,-0.004796555
9/29/17 5:00 PM,65.048,-0.005381865
9/29/17 5:03 PM,65.066,0.000932565
9/29/17 5:06 PM,65.03,-0.000161737
9/29/17 5:09 PM,65.066,-0.003321859
9/29/17 5:12 PM,65.12,-0.00966889
9/29/17 5:15 PM,65.12,-0.00958403
9/29/17 5:18 PM,65.102,-0.00602677
9/29/17 5:21 PM,65.12,-0.002847085
9/29/17 5:24 PM,65.066,0.005146833
9/29/17 5:27 PM,65.12,0.00325099
9/29/17 5:30 PM,64.994,-0.002881716
9/29/17 5:33 PM,65.12,-0.00284763
9/29/17 5:36 PM,65.138,0.000217749
9/29/17 5:39 PM,65.12,-0.002589264
9/29/17 5:42 PM,65.12,-0.006651118
9/29/17 5:45 PM,65.066,-0.005108421
9/29/17 5:48 PM,65.084,-0.004719229
9/29/17 5:51 PM,65.174,-0.006768008
9/29/17 5:54 PM,64.85,-0.002571647
9/29/17 5:57 PM,65.174,-0.002161345
9/29/17 6:00 PM,65.102,-0.000668693
9/29/17 6:03 PM,65.192,-0.00069403
9/29/17 6:06 PM,65.174,-0.004348575
9/29/17 6:09 PM,65.192,-0.00576444
9/29/17 6:12 PM,65.21,-0.005616336
9/29/17 6:15 PM,65.228,-0.008833128
9/29/17 6:18 PM,65.012,-0.011246502
9/29/17 6:21 PM,65.228,-0.019631584
9/29/17 6:24 PM,65.192,-0.016085193
9/29/17 6:27 PM,65.264,-0.009237825
9/29/17 6:30 PM,65.246,-0.00928478
9/29/17 6:33 PM,65.192,-0.000444121
9/29/17 6:36 PM,65.246,-0.000424952
9/29/17 6:39 PM,65.102,-0.002830694
9/29/17 6:42 PM,65.138,-0.00378403
9/29/17 6:45 PM,65.174,-0.010693672
9/29/17 6:48 PM,65.102,-0.017890516
9/29/17 6:51 PM,65.156,-0.016533056
9/29/17 6:54 PM,65.156,-0.018783847
9/29/17 6:57 PM,65.102,-0.023620488
9/29/17 7:00 PM,65.12,-0.01944129
9/29/17 7:03 PM,65.084,-0.014844476
9/29/17 7:06 PM,65.138,-0.015427409
9/29/17 7:09 PM,65.084,-0.022020801
9/29/17 7:12 PM,64.994,-0.018286656
9/29/17 7:15 PM,65.03,-0.018912461
9/29/17 7:18 PM,64.976,-0.019776785
9/29/17 7:21 PM,64.976,-0.01625827
9/29/17 7:24 PM,64.94,-0.013373868
9/29/17 7:27 PM,64.886,-0.005041917
9/29/17 7:30 PM,64.868,-0.005278384
9/29/17 7:33 PM,64.85,-0.009977616
9/29/17 7:36 PM,64.832,-0.008770104
9/29/17 7:39 PM,64.796,-0.008707599
9/29/17 7:42 PM,64.778,-0.011659999
9/29/17 7:45 PM,64.796,-0.006605199
9/29/17 7:48 PM,64.742,-0.007154944
9/29/17 7:51 PM,64.652,-0.005827675
9/29/17 7:54 PM,64.688,-0.009468634
9/29/17 7:57 PM,64.652,-0.010019889
9/29/17 8:00 PM,64.616,-0.011540589
9/29/17 8:03 PM,64.598,-0.011009591
9/29/17 8:06 PM,64.544,-0.013534139
9/29/17 8:09 PM,64.49,-0.008791154
9/29/17 8:12 PM,64.526,-0.011827047
9/29/17 8:15 PM,64.472,-0.011806328
9/29/17 8:18 PM,64.454,-0.015502604
9/29/17 8:21 PM,64.418,-0.017179289
9/29/17 8:24 PM,64.49,-0.01553017
9/29/17 8:27 PM,64.49,-0.012690432
9/29/17 8:30 PM,64.49,-0.009986085
9/29/17 8:33 PM,64.508,-0.009176439
9/29/17 8:36 PM,64.49,-0.002486157
9/29/17 8:39 PM,64.49,-0.002709457
9/29/17 8:42 PM,64.49,0.001760071
9/29/17 8:45 PM,64.508,-0.002162251
9/29/17 8:48 PM,64.49,-0.011058942
9/29/17 8:51 PM,64.49,-0.005661258
9/29/17 8:54 PM,64.418,-0.004078459
9/29/17 8:57 PM,64.436,-0.008368214
9/29/17 9:00 PM,64.454,-0.006060076
9/29/17 9:03 PM,64.382,-0.004905001
9/29/17 9:06 PM,64.4,0.001845373
9/29/17 9:09 PM,64.382,-0.00539816
9/29/17 9:12 PM,64.31,-0.003010836
9/29/17 9:15 PM,64.364,-0.000931767
9/29/17 9:18 PM,64.31,-0.007282184
9/29/17 9:21 PM,64.274,-0.003445833
9/29/17 9:24 PM,64.31,-0.003787666
9/29/17 9:27 PM,64.274,-0.003670313
9/29/17 9:30 PM,64.274,-0.011337491
9/29/17 9:33 PM,64.238,-0.011314911
9/29/17 9:36 PM,64.22,-0.009242274
9/29/17 9:39 PM,64.202,-0.010703669
9/29/17 9:42 PM,64.238,-0.00941359
9/29/17 9:45 PM,64.238,-0.018435154
9/29/17 9:48 PM,64.184,-0.017785176
9/29/17 9:51 PM,64.184,-0.016448498
9/29/17 9:54 PM,64.166,-0.017870376
9/29/17 9:57 PM,64.166,-0.015127826
9/29/17 10:00 PM,64.13,-0.015711715
9/29/17 10:03 PM,64.112,-0.008784868
9/29/17 10:06 PM,64.112,-0.006813498
9/29/17 10:09 PM,64.058,-0.012121702
9/29/17 10:12 PM,64.094,-0.013070876
9/29/17 10:15 PM,64.076,-0.00745399
9/29/17 10:18 PM,64.058,-0.002983902
9/29/17 10:21 PM,64.058,-0.007663726
9/29/17 10:24 PM,64.04,-0.009756397
9/29/17 10:27 PM,64.004,-0.011097443
9/29/17 10:30 PM,63.968,-0.009640789
9/29/17 10:33 PM,63.95,-0.008772364
9/29/17 10:36 PM,63.914,-0.005718092
9/29/17 10:39 PM,63.878,-0.003462672
9/29/17 10:42 PM,63.878,-0.010958693
9/29/17 10:45 PM,63.788,-0.018551808
9/29/17 10:48 PM,63.788,-0.021084701
9/29/17 10:51 PM,63.716,-0.019767872
9/29/17 10:54 PM,63.734,-0.014896115
9/29/17 10:57 PM,63.662,-0.016298316
9/29/17 11:00 PM,63.608,-0.008198491
9/29/17 11:03 PM,63.572,-0.010627613
9/29/17 11:06 PM,63.536,-0.013807923
9/29/17 11:09 PM,63.518,-0.008021601
9/29/17 11:12 PM,63.482,-0.006544496
9/29/17 11:15 PM,63.464,-0.009009245
9/29/17 11:18 PM,63.446,-0.003444055
9/29/17 11:21 PM,63.41,-0.001856365
9/29/17 11:24 PM,63.41,-0.005428379
9/29/17 11:27 PM,63.428,-0.014522558
9/29/17 11:30 PM,63.41,-0.010406957
9/29/17 11:33 PM,63.338,-0.010442501
9/29/17 11:36 PM,63.374,-0.005289468
9/29/17 11:39 PM,63.374,-0.005878971
9/29/17 11:42 PM,63.338,-0.010467251
9/29/17 11:45 PM,63.356,-0.011775107
9/29/17 11:48 PM,63.338,-0.012780327
9/29/17 11:51 PM,63.356,-0.008378627
9/29/17 11:54 PM,63.338,-0.012441621
9/29/17 11:57 PM,63.356,-0.009871983
9/30/17 12:00 AM,63.338,-0.00860723
9/30/17 12:03 AM,63.266,-0.00614731
9/30/17 12:06 AM,63.23,-0.004438174
9/30/17 12:09 AM,63.212,-0.002906866
9/30/17 12:12 AM,63.194,-0.007832843
9/30/17 12:15 AM,63.158,0.000907445
9/30/17 12:18 AM,63.122,0.000266703
9/30/17 12:21 AM,63.122,-0.001959036
9/30/17 12:24 AM,63.05,-0.004810321
9/30/17 12:27 AM,63.068,-0.006971558
9/30/17 12:30 AM,63.014,-0.003134152
9/30/17 12:33 AM,63.014,-0.006638036
9/30/17 12:36 AM,62.996,-0.004338425
9/30/17 12:39 AM,62.978,-0.00542913
9/30/17 12:42 AM,62.906,-0.00567295
9/30/17 12:45 AM,62.924,-0.006752929
9/30/17 12:48 AM,62.888,-0.006143723
9/30/17 12:51 AM,62.906,-0.000989255
9/30/17 12:54 AM,62.87,0.000563982
9/30/17 12:57 AM,62.852,0.002994063
9/30/17 1:00 AM,62.852,-0.003350994
9/30/17 1:03 AM,62.816,-0.004296469
9/30/17 1:06 AM,62.798,-0.006887181
9/30/17 1:09 AM,62.798,-0.008675586
9/30/17 1:12 AM,62.78,-0.002501535
9/30/17 1:15 AM,62.726,-0.000391012
9/30/17 1:18 AM,62.708,-0.001166847
9/30/17 1:21 AM,62.762,0.002172498
9/30/17 1:24 AM,62.726,0.000601659
9/30/17 1:27 AM,62.708,0.001779938
9/30/17 1:30 AM,62.69,-0.002398616
9/30/17 1:33 AM,62.672,-0.001916192
9/30/17 1:36 AM,62.654,0.000417937
9/30/17 1:39 AM,62.636,-0.002296613
9/30/17 1:42 AM,62.672,-0.004199598
9/30/17 1:45 AM,62.654,-0.007904474
9/30/17 1:48 AM,62.618,-0.001756914
9/30/17 1:51 AM,62.618,-0.005227693
9/30/17 1:54 AM,62.618,-0.006309489
9/30/17 1:57 AM,62.564,-0.000506118
9/30/17 2:00 AM,62.582,0.003022154
9/30/17 2:03 AM,62.582,-0.001327672
9/30/17 2:06 AM,62.6,0.00413636
9/30/17 2:09 AM,62.618,-0.003087685
9/30/17 2:12 AM,62.618,0.004938821
9/30/17 2:15 AM,62.6,0.002584476
9/30/17 2:18 AM,62.636,0.000527367
9/30/17 2:21 AM,62.636,0.001579762
9/30/17 2:24 AM,62.582,0.002698136
9/30/17 2:27 AM,62.654,0.006708477
9/30/17 2:30 AM,62.636,0.005452902
9/30/17 2:33 AM,62.672,0.00159272
9/30/17 2:36 AM,62.672,-0.000711264
9/30/17 2:39 AM,62.726,-0.00389638
9/30/17 2:42 AM,62.816,-0.006100875
9/30/17 2:45 AM,62.888,-0.007204974
9/30/17 2:48 AM,62.888,-0.00580659
9/30/17 2:51 AM,62.924,-0.004103679
9/30/17 2:54 AM,62.96,-0.003201112
9/30/17 2:57 AM,62.978,-0.006604166
9/30/17 3:00 AM,62.996,-0.008196035
9/30/17 3:03 AM,63.032,-0.00333798
9/30/17 3:06 AM,63.032,-0.003239196
9/30/17 3:09 AM,63.032,0.002211293
9/30/17 3:12 AM,63.05,0.003556205
9/30/17 3:15 AM,63.05,0.008337227
9/30/17 3:18 AM,63.014,0.016970709
9/30/17 3:21 AM,63.014,0.010100691
9/30/17 3:24 AM,62.978,0.016465466
9/30/17 3:27 AM,62.96,0.012661122
9/30/17 3:30 AM,63.14,0.013421011
9/30/17 3:33 AM,63.23,0.011257637
9/30/17 3:36 AM,63.32,0.013370432
9/30/17 3:39 AM,63.464,0.009730741
9/30/17 3:42 AM,63.59,0.014479207
9/30/17 3:45 AM,63.68,0.015370286
9/30/17 3:48 AM,63.662,0.008945092
9/30/17 3:51 AM,63.752,0.008574909
9/30/17 3:54 AM,63.788,0.00730076
9/30/17 3:57 AM,63.752,0.005157413
9/30/17 4:00 AM,63.788,0.002366602
9/30/17 4:03 AM,63.806,0.002050751
9/30/17 4:06 AM,63.788,-0.005121594
9/30/17 4:09 AM,63.806,-0.001555498
9/30/17 4:12 AM,63.86,0.006543288
9/30/17 4:15 AM,63.914,0.000982945
9/30/17 4:18 AM,63.968,-0.002540468
9/30/17 4:21 AM,63.986,-0.001712405
9/30/17 4:24 AM,64.004,-0.005032726
9/30/17 4:27 AM,64.004,-0.004340529
9/30/17 4:30 AM,63.986,-0.010522181
9/30/17 4:33 AM,63.986,-0.010635189
9/30/17 4:36 AM,63.968,-0.00838322
9/30/17 4:39 AM,63.932,-0.008160846
9/30/17 4:42 AM,63.878,-0.004227233
9/30/17 4:45 AM,63.842,0.0024156
9/30/17 4:48 AM,63.806,0.00693961
9/30/17 4:51 AM,63.752,0.007450948
9/30/17 4:54 AM,63.716,-0.000448309
9/30/17 4:57 AM,63.68,-0.000662586
9/30/17 5:00 AM,63.626,-0.001244212
9/30/17 5:03 AM,63.59,0.000265083
9/30/17 5:06 AM,63.536,0.002251345
9/30/17 5:09 AM,63.536,0.003143301
9/30/17 5:12 AM,63.518,0.010735867
9/30/17 5:15 AM,63.482,0.01658359
9/30/17 5:18 AM,63.59,0.013950777
9/30/17 5:21 AM,63.608,0.015667413
9/30/17 5:24 AM,63.608,0.011022033
9/30/17 5:27 AM,63.662,0.009941758
9/30/17 5:30 AM,63.68,0.012739203
9/30/17 5:33 AM,63.662,0.012195843
9/30/17 5:36 AM,63.626,0.010039847
9/30/17 5:39 AM,63.626,0.010875962
9/30/17 5:42 AM,63.59,0.010521436
9/30/17 5:45 AM,63.554,0.013312344
9/30/17 5:48 AM,63.518,0.016561665
9/30/17 5:51 AM,63.464,0.018780482
9/30/17 5:54 AM,63.41,0.016129923
9/30/17 5:57 AM,63.356,0.015041801
9/30/17 6:00 AM,63.248,0.011182995
9/30/17 6:03 AM,63.194,0.002433522
9/30/17 6:06 AM,63.086,-0.000282977
9/30/17 6:09 AM,63.068,-0.00782374
9/30/17 6:12 AM,63.032,-0.008769365
9/30/17 6:15 AM,62.978,-0.002146205
9/30/17 6:18 AM,62.96,-0.010003374
9/30/17 6:21 AM,62.942,-0.003139257
9/30/17 6:24 AM,62.96,-0.00160461
9/30/17 6:27 AM,62.924,-0.006217415
9/30/17 6:30 AM,62.978,-0.009103912
9/30/17 6:33 AM,62.978,-0.009577053
9/30/17 6:36 AM,62.96,-0.004716348
9/30/17 6:39 AM,62.96,-0.010577214
9/30/17 6:42 AM,62.906,0.001490608
9/30/17 6:45 AM,62.852,0.002861675
9/30/17 6:48 AM,62.87,0.001263075
9/30/17 6:51 AM,62.798,0.00445914
9/30/17 6:54 AM,62.78,0.004760533
9/30/17 6:57 AM,62.744,0.001834298
9/30/17 7:00 AM,62.69,0.001447424
9/30/17 7:03 AM,62.654,-0.007442964
9/30/17 7:06 AM,62.6,-0.006917274
9/30/17 7:09 AM,62.546,-0.011688584
9/30/17 7:12 AM,62.492,-0.006252821
9/30/17 7:15 AM,62.42,-0.006696368
9/30/17 7:18 AM,62.402,-0.009618664
9/30/17 7:21 AM,62.366,-0.009463737
9/30/17 7:24 AM,62.24,-0.00776469
9/30/17 7:27 AM,62.33,-0.010081909
9/30/17 7:30 AM,62.33,-0.01352043
9/30/17 7:33 AM,62.276,-0.009797867
9/30/17 7:36 AM,62.33,-0.011376757
9/30/17 7:39 AM,62.312,-0.015331655
9/30/17 7:42 AM,62.276,-0.019943266
9/30/17 7:45 AM,62.258,-0.013904316
9/30/17 7:48 AM,62.222,-0.014493581
9/30/17 7:51 AM,62.222,-0.009950669
9/30/17 7:54 AM,62.168,-0.010904743
9/30/17 7:57 AM,62.168,-0.007144943
9/30/17 8:00 AM,62.132,-0.001265653
9/30/17 8:03 AM,62.114,-0.006367402
9/30/17 8:06 AM,62.06,0.000140749
9/30/17 8:09 AM,62.042,0.003970982
9/30/17 8:12 AM,61.988,0.006569101
9/30/17 8:15 AM,62.006,0.005029324
9/30/17 8:18 AM,61.952,0.000993452
9/30/17 8:21 AM,61.952,0.005713236
9/30/17 8:24 AM,61.898,0.008885767
9/30/17 8:27 AM,61.952,0.010222981
9/30/17 8:30 AM,61.952,0.003310564
9/30/17 8:33 AM,61.862,0.004958628
9/30/17 8:36 AM,61.916,0.007769883
9/30/17 8:39 AM,61.934,0.008056278
9/30/17 8:42 AM,61.916,-0.002399511
9/30/17 8:45 AM,61.88,-0.004573806
9/30/17 8:48 AM,61.808,-0.001187245
9/30/17 8:51 AM,61.826,-0.015162266
9/30/17 8:54 AM,61.916,-0.009689442
9/30/17 8:57 AM,61.934,-0.00877643
9/30/17 9:00 AM,61.97,-0.006478016
9/30/17 9:03 AM,61.988,-0.008322189
9/30/17 9:06 AM,62.006,-0.009354874
9/30/17 9:09 AM,61.988,-0.015347574
9/30/17 9:12 AM,61.988,-0.007460955
9/30/17 9:15 AM,62.024,-0.004673944
9/30/17 9:18 AM,62.006,-0.003262645
9/30/17 9:21 AM,62.006,-0.002624554
9/30/17 9:24 AM,62.024,-0.002884623
9/30/17 9:27 AM,62.006,-0.005022803
9/30/17 9:30 AM,61.916,0.002410452
9/30/17 9:33 AM,62.024,-0.004421825
9/30/17 9:36 AM,62.042,-0.005228893
9/30/17 9:39 AM,61.988,-0.004091086
9/30/17 9:42 AM,62.042,-0.005149227
9/30/17 9:45 AM,62.114,-0.001561105
9/30/17 9:48 AM,62.096,-0.005370685
9/30/17 9:51 AM,62.096,-0.003029905
9/30/17 9:54 AM,62.15,-0.001040774
9/30/17 9:57 AM,62.078,-0.003449335
9/30/17 10:00 AM,62.114,-0.003314002
9/30/17 10:03 AM,62.114,-0.000557368
9/30/17 10:06 AM,62.186,-0.006586552
9/30/17 10:09 AM,62.204,-0.012309014
9/30/17 10:12 AM,62.204,-0.018498415
9/30/17 10:15 AM,62.168,-0.012066012
9/30/17 10:18 AM,62.15,-0.015530422
9/30/17 10:21 AM,62.078,-0.014161605
9/30/17 10:24 AM,62.168,-0.012146073
9/30/17 10:27 AM,62.096,-0.01081891
9/30/17 10:30 AM,62.132,-0.005368216
9/30/17 10:33 AM,62.168,-0.002504759
9/30/17 10:36 AM,62.132,-0.002992965
9/30/17 10:39 AM,62.204,-0.009073461
9/30/17 10:42 AM,62.24,-0.000745948
9/30/17 10:45 AM,62.204,0.004278449
9/30/17 10:48 AM,62.258,0.008686056
9/30/17 10:51 AM,62.24,0.00134871
9/30/17 10:54 AM,62.222,-0.004673027
9/30/17 10:57 AM,62.276,-0.007226831
9/30/17 11:00 AM,62.186,-0.006457041
9/30/17 11:03 AM,62.24,-0.007417043
9/30/17 11:06 AM,62.204,-0.007265689
9/30/17 11:09 AM,62.258,-0.005905183
9/30/17 11:12 AM,62.168,-0.013247627
9/30/17 11:15 AM,62.258,-0.013496988
9/30/17 11:18 AM,62.222,-0.013691707
9/30/17 11:21 AM,62.222,-0.008645057
9/30/17 11:24 AM,62.312,-0.000669564
9/30/17 11:27 AM,62.294,-0.002909178
9/30/17 11:30 AM,62.258,-0.003057614
9/30/17 11:33 AM,62.24,-0.004603004
9/30/17 11:36 AM,62.096,-0.004768048
9/30/17 11:39 AM,62.33,-0.003874574
9/30/17 11:42 AM,62.348,-0.001305538
9/30/17 11:45 AM,62.366,-0.002217532
9/30/17 11:48 AM,62.348,-0.002605585
9/30/17 11:51 AM,62.384,-0.005380219
9/30/17 11:54 AM,62.222,-0.013077112
9/30/17 11:57 AM,62.402,-0.009803208
9/30/17 12:00 PM,62.456,-0.016638096
9/30/17 12:03 PM,62.384,-0.014791379
9/30/17 12:06 PM,62.294,-0.023566413
9/30/17 12:09 PM,62.492,-0.018482082
9/30/17 12:12 PM,62.456,-0.018892383
9/30/17 12:15 PM,62.42,-0.024114405
9/30/17 12:18 PM,62.456,-0.0184208
9/30/17 12:21 PM,62.366,-0.015101006
9/30/17 12:24 PM,62.456,-0.017613452
9/30/17 12:27 PM,62.438,-0.013986965
9/30/17 12:30 PM,62.42,-0.004286285
9/30/17 12:33 PM,62.366,-0.004709085
9/30/17 12:36 PM,62.258,-0.006683937
9/30/17 12:39 PM,62.42,0.000239122
9/30/17 12:42 PM,62.456,-0.00478702
9/30/17 12:45 PM,62.456,-0.006044211
9/30/17 12:48 PM,62.258,-0.011832986
9/30/17 12:51 PM,62.348,-0.016632105
9/30/17 12:54 PM,62.168,-0.018035304
9/30/17 12:57 PM,62.366,-0.024946645
9/30/17 1:00 PM,62.348,-0.017551517
9/30/17 1:03 PM,62.24,-0.011380439
9/30/17 1:06 PM,62.294,-0.015111336
9/30/17 1:09 PM,62.294,-0.018850125
9/30/17 1:12 PM,62.276,-0.024164469
9/30/17 1:15 PM,62.186,-0.022705557
9/30/17 1:18 PM,62.132,-0.026851817
9/30/17 1:21 PM,62.258,-0.019838054
9/30/17 1:24 PM,62.132,-0.015376588
9/30/17 1:27 PM,62.204,-0.02122724
9/30/17 1:30 PM,62.276,-0.020948656
9/30/17 1:33 PM,62.168,-0.021199723
9/30/17 1:36 PM,62.24,-0.023477563
9/30/17 1:39 PM,62.276,-0.028303428
9/30/17 1:42 PM,62.312,-0.028656778
9/30/17 1:45 PM,62.186,-0.02137528
9/30/17 1:48 PM,62.33,-0.018699928
9/30/17 1:51 PM,62.492,-0.01410007
9/30/17 1:54 PM,62.528,-0.018320041
9/30/17 1:57 PM,62.6,-0.014641739
9/30/17 2:00 PM,62.636,-0.015061666
9/30/17 2:03 PM,62.69,-0.008767613
9/30/17 2:06 PM,62.762,-0.011224312
9/30/17 2:09 PM,62.672,-0.008730726
9/30/17 2:12 PM,62.834,-0.017011005
9/30/17 2:15 PM,62.762,-0.019087302
9/30/17 2:18 PM,62.798,-0.02395688
9/30/17 2:21 PM,63.014,-0.02755268
9/30/17 2:24 PM,63.122,-0.028655933
9/30/17 2:27 PM,63.212,-0.025115038
9/30/17 2:30 PM,63.302,-0.021079181
9/30/17 2:33 PM,63.302,-0.017756359
9/30/17 2:36 PM,63.41,-0.017283267
9/30/17 2:39 PM,63.302,-0.014654664
9/30/17 2:42 PM,63.302,-0.012117119
9/30/17 2:45 PM,63.266,-0.017672686
9/30/17 2:48 PM,63.464,-0.01436255
9/30/17 2:51 PM,63.572,-0.017120497
9/30/17 2:54 PM,63.554,-0.01530145
9/30/17 2:57 PM,63.644,-0.011374248
9/30/17 3:00 PM,63.68,-0.007639841
9/30/17 3:03 PM,63.662,-0.005601154
9/30/17 3:06 PM,63.734,-0.007025123
9/30/17 3:09 PM,63.626,-0.008938936
9/30/17 3:12 PM,63.68,-0.006149164
9/30/17 3:15 PM,63.68,-0.006049937
9/30/17 3:18 PM,63.698,-0.009546567
9/30/17 3:21 PM,63.554,-0.019536604
9/30/17 3:24 PM,63.68,-0.017570846
9/30/17 3:27 PM,63.554,-0.009846188
9/30/17 3:30 PM,63.626,-0.017866521
9/30/17 3:33 PM,63.626,-0.019485038
9/30/17 3:36 PM,63.752,-0.019162437
9/30/17 3:39 PM,63.77,-0.01733599
9/30/17 3:42 PM,63.734,-0.01889168
9/30/17 3:45 PM,63.752,-0.011921197
9/30/17 3:48 PM,63.842,-0.005801933
9/30/17 3:51 PM,63.608,0.000599271
9/30/17 3:54 PM,63.698,-0.000381753
9/30/17 3:57 PM,63.842,-0.002419732
9/30/17 4:00 PM,63.734,-0.005397503
9/30/17 4:03 PM,63.824,-0.006194958
9/30/17 4:06 PM,63.842,-0.01565151
9/30/17 4:09 PM,63.698,-0.016686521
9/30/17 4:12 PM,63.554,-0.013683526
9/30/17 4:15 PM,63.59,-0.015879756
9/30/17 4:18 PM,63.662,-0.010034526
9/30/17 4:21 PM,63.644,-0.009034099
9/30/17 4:24 PM,63.5,-0.003229498
9/30/17 4:27 PM,63.482,-0.008651349
9/30/17 4:30 PM,63.518,-0.007950451
9/30/17 4:33 PM,63.266,-0.008171626
9/30/17 4:36 PM,63.392,-0.009334756
9/30/17 4:39 PM,63.356,-0.012991128
9/30/17 4:42 PM,63.284,-0.006044101
9/30/17 4:45 PM,63.284,-0.003424282
9/30/17 4:48 PM,63.392,-0.009431005
9/30/17 4:51 PM,63.356,-0.009544989
9/30/17 4:54 PM,63.284,-0.014157681
9/30/17 4:57 PM,63.284,-0.014530657
9/30/17 5:00 PM,63.212,-0.018457013
9/30/17 5:03 PM,63.23,-0.015176126
9/30/17 5:06 PM,63.194,-0.013453095
9/30/17 5:09 PM,63.194,-0.01266638
9/30/17 5:12 PM,63.158,-0.00971609
9/30/17 5:15 PM,63.212,-0.007293894
9/30/17 5:18 PM,63.104,-0.008839704
9/30/17 5:21 PM,63.176,-0.005697937
9/30/17 5:24 PM,63.14,-0.010121643
9/30/17 5:27 PM,63.068,-0.00484907
9/30/17 5:30 PM,63.086,-0.009346232
9/30/17 5:33 PM,63.194,-0.009211194
9/30/17 5:36 PM,63.086,-0.010713957
9/30/17 5:39 PM,63.212,-0.012512459
9/30/17 5:42 PM,63.212,-0.015666863
9/30/17 5:45 PM,63.05,-0.012012073
9/30/17 5:48 PM,62.996,-0.013811323
9/30/17 5:51 PM,63.068,-0.017359543
9/30/17 5:54 PM,63.104,-0.015894472
9/30/17 5:57 PM,63.176,-0.01721994
9/30/17 6:00 PM,63.23,-0.02046153
9/30/17 6:03 PM,63.176,-0.027460262
9/30/17 6:06 PM,63.248,-0.0223862
9/30/17 6:09 PM,63.194,-0.022310195
9/30/17 6:12 PM,63.05,-0.022108778
9/30/17 6:15 PM,63.212,-0.013549652
9/30/17 6:18 PM,63.284,-0.021093077
9/30/17 6:21 PM,63.248,-0.022449256
9/30/17 6:24 PM,63.122,-0.015373551
9/30/17 6:27 PM,63.194,-0.011510893
9/30/17 6:30 PM,63.23,-0.012834507
9/30/17 6:33 PM,63.248,-0.012538935
9/30/17 6:36 PM,63.23,-0.023334817
9/30/17 6:39 PM,63.248,-0.018454744
9/30/17 6:42 PM,63.212,-0.01948906
9/30/17 6:45 PM,63.23,-0.022623991
9/30/17 6:48 PM,63.212,-0.027453126
9/30/17 6:51 PM,63.266,-0.028051305
9/30/17 6:54 PM,63.23,-0.024660261
9/30/17 6:57 PM,63.212,-0.022877032
9/30/17 7:00 PM,63.176,-0.019895787
9/30/17 7:03 PM,63.23,-0.019970862
9/30/17 7:06 PM,63.194,-0.023053866
9/30/17 7:09 PM,63.104,-0.022893756
9/30/17 7:12 PM,63.212,-0.021128926
9/30/17 7:15 PM,63.14,-0.015974851
9/30/17 7:18 PM,63.14,-0.010820259
9/30/17 7:21 PM,63.158,-0.008795505
9/30/17 7:24 PM,63.158,-0.01098025
9/30/17 7:30 PM,63.158,-0.012508481
9/30/17 7:30 PM,63.158,-0.011167958
9/30/17 7:33 PM,63.086,-0.007793476
9/30/17 7:36 PM,63.14,-0.011309312
9/30/17 7:39 PM,63.122,-0.011164818
9/30/17 7:42 PM,63.14,-0.014908982
9/30/17 7:45 PM,63.122,-0.019549327
9/30/17 7:48 PM,63.14,-0.014960444
9/30/17 7:51 PM,63.122,-0.016168054
9/30/17 7:54 PM,63.14,-0.020310294
9/30/17 7:57 PM,63.05,-0.018483101
9/30/17 8:06 PM,63.068,-0.017069454
9/30/17 8:09 PM,63.104,-0.006985837
9/30/17 8:09 PM,63.104,-0.011589377
9/30/17 8:12 PM,63.032,-0.000352906
9/30/17 8:15 PM,63.068,-0.008097366
9/30/17 8:18 PM,63.014,-0.004790339
9/30/17 8:21 PM,62.942,-0.002118794
9/30/17 8:24 PM,62.906,0.005107657
9/30/17 8:27 PM,62.924,-0.000911244
9/30/17 8:30 PM,62.906,0.000829464
9/30/17 8:42 PM,62.798,-0.006705067
9/30/17 8:45 PM,62.762,-0.002862872
9/30/17 8:45 PM,62.762,-0.001860831
